mutation,odds_ratio,p_value,fdr_bh,significant,sensitivity,specificity,n_samples_in_table,n_00,n_01,n_10,n_11
pos_234,54.915789473684214,4.612532907624146e-21,6.180794096216356e-19,True,0.6607142857142857,0.9657534246575342,202,141,19,5,37
pos_235,17.20952380952381,1.9738722817770173e-11,1.3224944287906017e-09,True,0.4642857142857143,0.952054794520548,202,139,30,7,26
pos_39,5.072463768115942,0.0026034550590152286,0.11628765930268022,False,0.17857142857142858,0.9589041095890412,202,140,46,6,10
pos_85,inf,0.07585833210186689,1.0,False,0.03571428571428571,1.0,202,146,54,0,2
pos_60,inf,0.07585833210186689,1.0,False,0.03571428571428571,1.0,202,146,54,0,2
pos_286,5.37037037037037,0.1866114969705926,1.0,False,0.03571428571428571,0.9931506849315068,202,145,54,1,2
pos_175,5.37037037037037,0.1866114969705926,1.0,False,0.03571428571428571,0.9931506849315068,202,145,54,1,2
pos_201,5.37037037037037,0.1866114969705926,1.0,False,0.03571428571428571,0.9931506849315068,202,145,54,1,2
pos_183,0.0,0.1896231662212121,1.0,False,0.0,0.9589041095890412,202,140,56,6,0
pos_230,0.0,0.19356211678323065,1.0,False,0.0,0.952054794520548,202,139,56,7,0
pos_136,inf,0.27722772277227725,1.0,False,0.017857142857142856,1.0,202,146,55,0,1
pos_191,inf,0.27722772277227725,1.0,False,0.017857142857142856,1.0,202,146,55,0,1
pos_92,inf,0.27722772277227725,1.0,False,0.017857142857142856,1.0,202,146,55,0,1
pos_189,inf,0.27722772277227725,1.0,False,0.017857142857142856,1.0,202,146,55,0,1
pos_93,inf,0.27722772277227725,1.0,False,0.017857142857142856,1.0,202,146,55,0,1
pos_100,inf,0.27722772277227725,1.0,False,0.017857142857142856,1.0,202,146,55,0,1
pos_56,inf,0.27722772277227725,1.0,False,0.017857142857142856,1.0,202,146,55,0,1
pos_150,inf,0.27722772277227725,1.0,False,0.017857142857142856,1.0,202,146,55,0,1
pos_188,inf,0.27722772277227725,1.0,False,0.017857142857142856,1.0,202,146,55,0,1
pos_119,inf,0.27722772277227725,1.0,False,0.017857142857142856,1.0,202,146,55,0,1
pos_144,inf,0.27722772277227725,1.0,False,0.017857142857142856,1.0,202,146,55,0,1
pos_164,inf,0.27722772277227725,1.0,False,0.017857142857142856,1.0,202,146,55,0,1
pos_34,inf,0.27722772277227725,1.0,False,0.017857142857142856,1.0,202,146,55,0,1
pos_280,inf,0.27722772277227725,1.0,False,0.017857142857142856,1.0,202,146,55,0,1
pos_165,inf,0.27722772277227725,1.0,False,0.017857142857142856,1.0,202,146,55,0,1
pos_267,inf,0.27722772277227725,1.0,False,0.017857142857142856,1.0,202,146,55,0,1
pos_43,inf,0.27722772277227725,1.0,False,0.017857142857142856,1.0,202,146,55,0,1
pos_142,0.24727272727272728,0.29633781834512846,1.0,False,0.017857142857142856,0.9315068493150684,202,136,55,10,1
pos_125,0.0,0.3250583739841021,1.0,False,0.0,0.9657534246575342,202,141,56,5,0
pos_4,1.6911764705882353,0.3549631535987173,1.0,False,0.08928571428571429,0.9452054794520548,202,138,51,8,5
pos_14,0.36103896103896105,0.4482234634646586,1.0,False,0.017857142857142856,0.952054794520548,202,139,55,7,1
pos_65,0.31363636363636366,0.44918295564097144,1.0,False,0.017857142857142856,0.9452054794520548,202,138,55,8,1
pos_3,1.794871794871795,0.4686350437905472,1.0,False,0.07142857142857142,0.9589041095890412,202,140,52,6,4
pos_198,2.6363636363636362,0.47859711344268746,1.0,False,0.017857142857142856,0.9931506849315068,202,145,55,1,1
pos_120,2.6363636363636362,0.47859711344268746,1.0,False,0.017857142857142856,0.9931506849315068,202,145,55,1,1
pos_270,2.6363636363636362,0.47859711344268746,1.0,False,0.017857142857142856,0.9931506849315068,202,145,55,1,1
pos_110,2.6363636363636362,0.47859711344268746,1.0,False,0.017857142857142856,0.9931506849315068,202,145,55,1,1
pos_269,2.6363636363636362,0.47859711344268746,1.0,False,0.017857142857142856,0.9931506849315068,202,145,55,1,1
pos_276,2.6363636363636362,0.47859711344268746,1.0,False,0.017857142857142856,0.9931506849315068,202,145,55,1,1
pos_265,2.6363636363636362,0.47859711344268746,1.0,False,0.017857142857142856,0.9931506849315068,202,145,55,1,1
pos_262,2.6363636363636362,0.47859711344268746,1.0,False,0.017857142857142856,0.9931506849315068,202,145,55,1,1
pos_243,2.6363636363636362,0.47859711344268746,1.0,False,0.017857142857142856,0.9931506849315068,202,145,55,1,1
pos_50,2.6363636363636362,0.47859711344268746,1.0,False,0.017857142857142856,0.9931506849315068,202,145,55,1,1
pos_76,2.6363636363636362,0.47859711344268746,1.0,False,0.017857142857142856,0.9931506849315068,202,145,55,1,1
pos_238,2.6363636363636362,0.47859711344268746,1.0,False,0.017857142857142856,0.9931506849315068,202,145,55,1,1
pos_236,2.6363636363636362,0.47859711344268746,1.0,False,0.017857142857142856,0.9931506849315068,202,145,55,1,1
pos_152,0.5037037037037037,0.5166675117664974,1.0,False,0.03571428571428571,0.9315068493150684,202,136,54,10,2
pos_31,0.7791239515377446,0.518521182749689,1.0,False,0.3392857142857143,0.6027397260273972,202,88,37,58,19
pos_108,0.0,0.5620215752918576,1.0,False,0.0,0.9794520547945206,202,143,56,3,0
pos_211,0.0,0.5620215752918576,1.0,False,0.0,0.9794520547945206,202,143,56,3,0
pos_210,0.0,0.5620215752918576,1.0,False,0.0,0.9794520547945206,202,143,56,3,0
pos_137,0.0,0.5774278515378726,1.0,False,0.0,0.9726027397260274,202,142,56,4,0
pos_57,0.0,0.5774278515378726,1.0,False,0.0,0.9726027397260274,202,142,56,4,0
pos_197,0.0,1.0,1.0,False,0.0,0.9931506849315068,202,145,56,1,0
pos_192,0.0,1.0,1.0,False,0.0,0.9863013698630136,202,144,56,2,0
pos_199,0.0,1.0,1.0,False,0.0,0.9931506849315068,202,145,56,1,0
pos_184,0.0,1.0,1.0,False,0.0,0.9931506849315068,202,145,56,1,0
pos_193,0.0,1.0,1.0,False,0.0,0.9931506849315068,202,145,56,1,0
pos_222,0.0,1.0,1.0,False,0.0,0.9931506849315068,202,145,56,1,0
pos_204,0.0,1.0,1.0,False,0.0,0.9931506849315068,202,145,56,1,0
pos_268,0.0,1.0,1.0,False,0.0,0.9863013698630136,202,144,56,2,0
pos_263,0.0,1.0,1.0,False,0.0,0.9863013698630136,202,144,56,2,0
pos_256,0.0,1.0,1.0,False,0.0,0.9931506849315068,202,145,56,1,0
pos_272,0.0,1.0,1.0,False,0.0,0.9931506849315068,202,145,56,1,0
pos_252,0.0,1.0,1.0,False,0.0,0.9931506849315068,202,145,56,1,0
pos_250,0.0,1.0,1.0,False,0.0,0.9931506849315068,202,145,56,1,0
pos_248,0.0,1.0,1.0,False,0.0,0.9863013698630136,202,144,56,2,0
pos_247,0.0,1.0,1.0,False,0.0,0.9931506849315068,202,145,56,1,0
pos_237,0.0,1.0,1.0,False,0.0,0.9931506849315068,202,145,56,1,0
pos_275,0.0,1.0,1.0,False,0.0,0.9863013698630136,202,144,56,2,0
pos_233,0.0,1.0,1.0,False,0.0,0.9931506849315068,202,145,56,1,0
pos_278,0.0,1.0,1.0,False,0.0,0.9931506849315068,202,145,56,1,0
pos_231,0.0,1.0,1.0,False,0.0,0.9931506849315068,202,145,56,1,0
pos_174,0.0,1.0,1.0,False,0.0,0.9931506849315068,202,145,56,1,0
pos_224,0.0,1.0,1.0,False,0.0,0.9931506849315068,202,145,56,1,0
pos_216,0.0,1.0,1.0,False,0.0,0.9931506849315068,202,145,56,1,0
pos_215,0.0,1.0,1.0,False,0.0,0.9931506849315068,202,145,56,1,0
pos_209,0.0,1.0,1.0,False,0.0,0.9863013698630136,202,144,56,2,0
pos_207,0.0,1.0,1.0,False,0.0,0.9931506849315068,202,145,56,1,0
pos_202,0.0,1.0,1.0,False,0.0,0.9931506849315068,202,145,56,1,0
pos_172,0.0,1.0,1.0,False,0.0,0.9931506849315068,202,145,56,1,0
pos_1,1.309090909090909,1.0,1.0,False,0.017857142857142856,0.9863013698630136,202,144,55,2,1
pos_170,0.0,1.0,1.0,False,0.0,0.9863013698630136,202,144,56,2,0
pos_75,0.0,1.0,1.0,False,0.0,0.9931506849315068,202,145,56,1,0
pos_71,1.309090909090909,1.0,1.0,False,0.017857142857142856,0.9863013698630136,202,144,55,2,1
pos_67,0.0,1.0,1.0,False,0.0,0.9931506849315068,202,145,56,1,0
pos_66,0.0,1.0,1.0,False,0.0,0.9931506849315068,202,145,56,1,0
pos_61,0.0,1.0,1.0,False,0.0,0.9931506849315068,202,145,56,1,0
pos_54,0.0,1.0,1.0,False,0.0,0.9931506849315068,202,145,56,1,0
pos_48,0.0,1.0,1.0,False,0.0,0.9863013698630136,202,144,56,2,0
pos_47,0.0,1.0,1.0,False,0.0,0.9863013698630136,202,144,56,2,0
pos_44,0.0,1.0,1.0,False,0.0,0.9931506849315068,202,145,56,1,0
pos_36,0.0,1.0,1.0,False,0.0,0.9931506849315068,202,145,56,1,0
pos_80,0.0,1.0,1.0,False,0.0,0.9863013698630136,202,144,56,2,0
pos_35,0.0,1.0,1.0,False,0.0,0.9931506849315068,202,145,56,1,0
pos_25,0.0,1.0,1.0,False,0.0,0.9931506849315068,202,145,56,1,0
pos_21,0.0,1.0,1.0,False,0.0,0.9863013698630136,202,144,56,2,0
pos_20,0.0,1.0,1.0,False,0.0,0.9931506849315068,202,145,56,1,0
pos_18,1.309090909090909,1.0,1.0,False,0.017857142857142856,0.9863013698630136,202,144,55,2,1
pos_16,0.0,1.0,1.0,False,0.0,0.9931506849315068,202,145,56,1,0
pos_15,0.0,1.0,1.0,False,0.0,0.9931506849315068,202,145,56,1,0
pos_13,0.0,1.0,1.0,False,0.0,0.9931506849315068,202,145,56,1,0
pos_10,0.0,1.0,1.0,False,0.0,0.9931506849315068,202,145,56,1,0
pos_7,0.0,1.0,1.0,False,0.0,0.9931506849315068,202,145,56,1,0
pos_6,0.0,1.0,1.0,False,0.0,0.9863013698630136,202,144,56,2,0
pos_27,0.0,1.0,1.0,False,0.0,0.9931506849315068,202,145,56,1,0
pos_83,0.0,1.0,1.0,False,0.0,0.9931506849315068,202,145,56,1,0
pos_87,0.0,1.0,1.0,False,0.0,0.9863013698630136,202,144,56,2,0
pos_88,0.0,1.0,1.0,False,0.0,0.9931506849315068,202,145,56,1,0
pos_169,0.0,1.0,1.0,False,0.0,0.9931506849315068,202,145,56,1,0
pos_168,0.0,1.0,1.0,False,0.0,0.9931506849315068,202,145,56,1,0
pos_161,0.0,1.0,1.0,False,0.0,0.9931506849315068,202,145,56,1,0
pos_160,0.0,1.0,1.0,False,0.0,0.9931506849315068,202,145,56,1,0
pos_153,0.0,1.0,1.0,False,0.0,0.9931506849315068,202,145,56,1,0
pos_147,0.0,1.0,1.0,False,0.0,0.9931506849315068,202,145,56,1,0
pos_146,0.0,1.0,1.0,False,0.0,0.9931506849315068,202,145,56,1,0
pos_145,0.0,1.0,1.0,False,0.0,0.9931506849315068,202,145,56,1,0
pos_281,0.0,1.0,1.0,False,0.0,0.9931506849315068,202,145,56,1,0
pos_141,0.0,1.0,1.0,False,0.0,0.9931506849315068,202,145,56,1,0
pos_140,0.0,1.0,1.0,False,0.0,0.9931506849315068,202,145,56,1,0
pos_139,0.0,1.0,1.0,False,0.0,0.9931506849315068,202,145,56,1,0
pos_138,0.0,1.0,1.0,False,0.0,0.9863013698630136,202,144,56,2,0
pos_130,0.0,1.0,1.0,False,0.0,0.9931506849315068,202,145,56,1,0
pos_129,0.0,1.0,1.0,False,0.0,0.9931506849315068,202,145,56,1,0
pos_126,0.0,1.0,1.0,False,0.0,0.9863013698630136,202,144,56,2,0
pos_122,0.0,1.0,1.0,False,0.0,0.9931506849315068,202,145,56,1,0
pos_118,0.0,1.0,1.0,False,0.0,0.9931506849315068,202,145,56,1,0
pos_115,0.0,1.0,1.0,False,0.0,0.9931506849315068,202,145,56,1,0
pos_114,0.0,1.0,1.0,False,0.0,0.9931506849315068,202,145,56,1,0
pos_109,0.0,1.0,1.0,False,0.0,0.9931506849315068,202,145,56,1,0
pos_102,0.0,1.0,1.0,False,0.0,0.9931506849315068,202,145,56,1,0
pos_97,0.0,1.0,1.0,False,0.0,0.9863013698630136,202,144,56,2,0
pos_171,0.0,1.0,1.0,False,0.0,0.9863013698630136,202,144,56,2,0
pos_143,0.0,1.0,1.0,False,0.0,0.9863013698630136,202,144,56,2,0
